product_id,A,B
1,4.200894988533847,0.06901226279744688
2,0.0,0.0
3,0.0,-0.0
4,0.0,0.0
5,0.0,0.0
